type,pr_number,version,file_path,title_readability_flesch_reading_ease,title_readability_flesch_kincaid_grade,title_sentiment_neg,title_sentiment_neu,title_sentiment_pos,title_sentiment_compound,title_word_count,title_sentence_count,title_unique_words,title_avg_word_length,title_stopword_ratio,body_readability_flesch_reading_ease,body_readability_flesch_kincaid_grade,body_sentiment_neg,body_sentiment_neu,body_sentiment_pos,body_sentiment_compound,body_word_count,body_sentence_count,body_unique_words,body_avg_word_length,body_stopword_ratio,comments_readability_flesch_reading_ease,comments_readability_flesch_kincaid_grade,comments_sentiment_neg,comments_sentiment_neu,comments_sentiment_pos,comments_sentiment_compound,comments_word_count,comments_sentence_count,comments_unique_words,comments_avg_word_length,comments_stopword_ratio,reviews_readability_flesch_reading_ease,reviews_readability_flesch_kincaid_grade,reviews_sentiment_neg,reviews_sentiment_neu,reviews_sentiment_pos,reviews_sentiment_compound,reviews_word_count,reviews_sentence_count,reviews_unique_words,reviews_avg_word_length,reviews_stopword_ratio,review_threads_readability_flesch_reading_ease,review_threads_readability_flesch_kincaid_grade,review_threads_sentiment_neg,review_threads_sentiment_neu,review_threads_sentiment_pos,review_threads_sentiment_compound,review_threads_word_count,review_threads_sentence_count,review_threads_unique_words,review_threads_avg_word_length,review_threads_stopword_ratio,overall_readability_flesch_reading_ease,overall_readability_flesch_kincaid_grade,overall_sentiment_neg,overall_sentiment_neu,overall_sentiment_pos,overall_sentiment_compound,overall_word_count,overall_sentence_count,overall_unique_words,overall_avg_word_length,overall_stopword_ratio
baseline,1,degraded,experiment/prs\1\versions\degraded\degraded_pr.json,89.75,2.5,0.279,0.465,0.256,-0.0516,7,1,7,4.571428571428571,0.2857142857142857,61.26,9.3,0.154,0.722,0.124,-0.5327,153,7,93,4.03921568627451,0.37254901960784315,61.12,7.3,0.141,0.71,0.149,0.3387,191,16,106,4.0732984293193715,0.35602094240837695,206.84,-15.7,0.0,0.0,0.0,0.0,0,0,0,0,0,73.68,6.6,0.032,0.883,0.085,0.5003,65,4,47,4.123076923076923,0.4307692307692308,66.44,7.3,0.148,0.744,0.108,-0.9311,454,25,194,3.883259911894273,0.33259911894273125
baseline,1,improved_degraded,experiment/prs\1\versions\improved_degraded\improved_degraded.json,20.04,12.7,0.207,0.603,0.19,-0.0516,9,1,8,6.666666666666667,0.1111111111111111,27.52,14.0,0.163,0.737,0.1,-0.9113,170,8,106,5.117647058823529,0.27058823529411763,42.48,10.3,0.059,0.729,0.212,0.9814,233,15,131,4.914163090128755,0.351931330472103,41.97,10.5,0.0,0.8,0.2,0.9186,71,6,48,5.098591549295775,0.352112676056338,31.58,12.4,0.0,0.84,0.16,0.8442,64,5,40,5.1875,0.265625,40.35,11.1,0.081,0.78,0.139,0.9691,584,34,243,4.832191780821918,0.2773972602739726
baseline,1,improved_original,experiment/prs\1\versions\improved_original\improved_original_pr.json,42.38,10.3,0.337,0.533,0.13,-0.5423,13,1,12,5.461538461538462,0.15384615384615385,13.14,15.4,0.137,0.796,0.067,-0.9466,284,14,137,5.774647887323944,0.22887323943661972,41.16,10.8,0.103,0.798,0.099,-0.4184,246,16,136,4.878048780487805,0.34552845528455284,206.84,-15.7,0.0,0.0,0.0,0.0,0,0,0,0,0,39.03,11.6,0.077,0.848,0.074,-0.0516,78,5,49,4.769230769230769,0.2948717948717949,31.07,12.6,0.121,0.802,0.077,-0.978,658,34,256,5.072948328267477,0.256838905775076
baseline,1,original,experiment/prs\1\versions\original\original_pr.json,34.93,11.1,0.19,0.635,0.175,-0.0516,11,1,11,5.636363636363637,0.18181818181818182,25.93,16.6,0.084,0.872,0.044,-0.943,483,17,184,4.739130434782608,0.3188405797101449,56.96,8.9,0.076,0.743,0.181,0.9902,395,22,163,4.0050632911392405,0.3949367088607595,206.84,-15.7,0.0,0.0,0.0,0.0,0,0,0,0,0,65.66,9.7,0.039,0.826,0.135,0.8596,141,5,71,3.6808510638297873,0.40425531914893614,42.72,12.3,0.058,0.834,0.108,0.9927,1064,36,326,4.30827067669173,0.3392857142857143
baseline,2,degraded,experiment/prs\2\versions\degraded\degraded_pr.json,67.76,6.8,0.0,0.821,0.179,0.34,13,1,12,4.846153846153846,0.15384615384615385,74.9,6.1,0.018,0.923,0.058,0.9158,430,30,170,3.8232558139534882,0.32558139534883723,67.55,6.9,0.04,0.863,0.097,0.9217,262,18,117,4.301526717557252,0.33969465648854963,206.84,-15.7,0.0,0.0,0.0,0.0,0,0,0,0,0,206.84,-15.7,0.0,0.0,0.0,0.0,0,0,0,0,0,67.04,7.1,0.021,0.927,0.052,0.9287,721,45,236,4.002773925104022,0.31622746185852985
baseline,2,improved_degraded,experiment/prs\2\versions\improved_degraded\improved_degraded.json,35.95,10.7,0.0,1.0,0.0,0.0,11,1,10,5.363636363636363,0.09090909090909091,14.56,14.8,0.0,0.906,0.094,0.9839,484,22,194,4.878099173553719,0.25206611570247933,38.82,11.7,0.01,0.904,0.086,0.9325,236,13,123,5.122881355932203,0.3855932203389831,18.01,13.5,0.0,0.81,0.19,0.5719,24,2,16,6.083333333333333,0.5,206.84,-15.7,0.0,0.0,0.0,0.0,0,0,0,0,0,22.51,13.8,0.003,0.912,0.085,0.9921,778,38,264,4.888174807197943,0.2879177377892031
baseline,2,improved_original,experiment/prs\2\versions\improved_original\improved_original_pr.json,17.0,13.9,0.0,0.821,0.179,0.34,13,1,12,5.6923076923076925,0.07692307692307693,22.92,13.7,0.01,0.947,0.042,0.8912,518,23,169,4.527027027027027,0.23552123552123552,32.29,12.1,0.026,0.861,0.113,0.9781,457,18,159,5.12253829321663,0.25164113785557984,13.95,15.0,0.0,1.0,0.0,0.0,17,1,13,5.647058823529412,0.4117647058823529,206.84,-15.7,0.0,0.0,0.0,0.0,0,0,0,0,0,23.63,13.4,0.018,0.903,0.079,0.99,1030,41,259,4.796116504854369,0.23398058252427184
baseline,2,original,experiment/prs\2\versions\original\original_pr.json,32.9,11.9,0.0,0.821,0.179,0.34,15,1,13,5.066666666666666,0.13333333333333333,45.25,11.3,0.008,0.947,0.045,0.9782,1140,52,280,4.274561403508772,0.3350877192982456,65.22,7.8,0.026,0.872,0.102,0.9898,634,30,167,4.11198738170347,0.3391167192429022,206.84,-15.7,0.0,0.0,0.0,0.0,0,0,0,0,0,206.84,-15.7,0.0,0.0,0.0,0.0,0,0,0,0,0,54.93,9.6,0.011,0.926,0.063,0.9963,1808,75,351,4.306969026548672,0.3268805309734513
claude 3.7 sonnet,2,degraded,experiment/prs\2\other_llms\claude 3.7 sonnet\versions\degraded\degraded_pr.json,79.26,4.4,0.0,0.761,0.239,0.296,9,1,9,4.777777777777778,0.2222222222222222,54.22,9.9,0.137,0.775,0.088,-0.8542,210,13,102,4.947619047619048,0.3476190476190476,71.92,5.2,0.091,0.767,0.142,0.9156,220,22,105,3.9727272727272727,0.38181818181818183,206.84,-15.7,0.0,0.0,0.0,0.0,0,0,0,0,0,78.25,4.8,0.06,0.761,0.179,0.7942,63,5,37,3.7142857142857144,0.38095238095238093,60.82,7.4,0.122,0.761,0.117,-0.6561,534,32,188,4.3389513108614235,0.33146067415730335
claude 3.7 sonnet,2,improved_degraded,experiment/prs\2\other_llms\claude 3.7 sonnet\versions\improved_degraded\improved_degraded_pr.json,41.36,10.7,0.0,0.805,0.195,0.4404,14,1,13,5.428571428571429,0.14285714285714285,9.62,18.8,0.004,0.943,0.052,0.9451,442,13,172,5.070135746606335,0.22850678733031674,49.01,9.9,0.015,0.859,0.126,0.9935,533,28,216,4.696060037523452,0.3452157598499062,21.9,14.1,0.0,0.82,0.18,0.8779,69,4,47,5.608695652173913,0.30434782608695654,206.84,-15.7,0.0,0.0,0.0,0.0,0,0,0,0,0,28.23,13.7,0.009,0.892,0.098,0.9971,1070,42,321,4.946728971962616,0.28130841121495326
claude 3.7 sonnet,2,improved_original,experiment/prs\2\other_llms\claude 3.7 sonnet\versions\improved_original\improved_original_pr.json,24.44,13.1,0.0,0.675,0.325,0.6486,14,1,13,5.571428571428571,0.14285714285714285,4.85,20.6,0.015,0.928,0.057,0.9633,720,16,212,4.770833333333333,0.20833333333333334,38.92,11.7,0.018,0.872,0.11,0.9964,903,38,264,4.741971207087486,0.2768549280177187,8.03,15.2,0.0,0.771,0.229,0.9722,115,8,74,5.747826086956522,0.2608695652173913,206.84,-15.7,0.0,0.0,0.0,0.0,0,0,0,0,0,18.55,15.3,0.015,0.89,0.096,0.9985,1744,52,383,5.083142201834862,0.23853211009174313
deepseek deepthink r1,2,degraded,experiment/prs\2\other_llms\deepseek deepthink r1\versions\degraded\degraded_pr.json,73.85,4.5,0.0,1.0,0.0,0.0,6,1,6,4.833333333333333,0.16666666666666666,79.06,4.5,0.119,0.814,0.067,-0.5777,65,5,39,3.707692307692308,0.26153846153846155,73.95,4.4,0.169,0.636,0.195,0.2012,62,8,46,3.806451612903226,0.3548387096774194,206.84,-15.7,0.0,0.0,0.0,0.0,0,0,0,0,0,53.88,8.0,0.0,0.762,0.238,0.3612,10,2,9,4.8,0.2,71.71,5.3,0.148,0.778,0.074,-0.9057,180,14,74,3.3833333333333333,0.22777777777777777
deepseek deepthink r1,2,improved_degraded,experiment/prs\2\other_llms\deepseek deepthink r1\versions\improved_degraded\improved_degraded_pr.json,37.98,10.0,0.0,0.745,0.255,0.34,9,1,8,5.555555555555555,0.1111111111111111,-11.0,20.5,0.009,0.918,0.072,0.8779,273,6,101,4.615384615384615,0.09523809523809523,36.35,10.6,0.016,0.821,0.163,0.9552,149,10,93,5.422818791946309,0.19463087248322147,-3.65,19.7,0.095,0.775,0.13,0.25,35,1,20,4.714285714285714,0.11428571428571428,206.84,-15.7,0.0,0.0,0.0,0.0,0,0,0,0,0,13.34,15.3,0.019,0.885,0.096,0.9726,472,18,168,4.953389830508475,0.1271186440677966
deepseek deepthink r1,2,improved_original,experiment/prs\2\other_llms\deepseek deepthink r1\versions\improved_original\improved_original_pr.json,28.5,11.5,0.207,0.603,0.19,-0.0516,11,1,9,6.0,0.09090909090909091,-36.13,32.2,0.171,0.774,0.055,-0.9704,243,3,122,5.234567901234568,0.11934156378600823,-1.12,18.8,0.124,0.721,0.155,0.5963,149,7,97,5.8120805369127515,0.18791946308724833,-51.37,25.6,0.11,0.776,0.114,0.0258,24,1,21,7.375,0.08333333333333333,-27.01,22.5,0.0,1.0,0.0,0.0,26,1,22,6.076923076923077,0.15384615384615385,-18.17,25.3,0.134,0.793,0.074,-0.9726,464,10,199,5.599137931034483,0.13577586206896552
gemini 2.0 flash thinking,2,degraded,experiment/prs\2\other_llms\gemini 2.0 flash thinking\versions\degraded\degraded_pr.json,75.88,3.7,0.0,0.577,0.423,0.296,4,1,4,5.75,0.0,65.96,9.5,0.071,0.869,0.06,-0.5697,320,15,125,4.228125,0.4,88.02,3.1,0.073,0.843,0.084,-0.4357,255,24,107,3.364705882352941,0.43529411764705883,206.84,-15.7,0.0,0.0,0.0,0.0,0,0,0,0,0,73.85,4.5,0.0,0.777,0.223,0.6151,32,4,22,3.71875,0.3125,75.91,5.7,0.079,0.87,0.051,-0.9562,645,35,193,3.8310077519379844,0.3767441860465116
gemini 2.0 flash thinking,2,improved_degraded,experiment/prs\2\other_llms\gemini 2.0 flash thinking\versions\improved_degraded\improved_degraded_pr.json,17.0,13.9,0.0,1.0,0.0,0.0,13,1,12,6.0,0.15384615384615385,22.75,15.8,0.006,0.952,0.042,0.9359,673,22,208,4.527488855869242,0.2600297176820208,37.3,12.3,0.012,0.825,0.163,0.9966,521,23,205,4.857965451055662,0.3704414587332054,43.19,10.0,0.0,0.815,0.185,0.8904,61,4,45,4.934426229508197,0.36065573770491804,206.84,-15.7,0.0,0.0,0.0,0.0,0,0,0,0,0,35.17,13.1,0.009,0.892,0.099,0.998,1289,45,334,4.664856477889837,0.30333591931730025
gemini 2.0 flash thinking,2,improved_original,experiment/prs\2\other_llms\gemini 2.0 flash thinking\versions\improved_original\improved_original_pr.json,34.93,11.1,0.19,0.635,0.175,-0.0516,11,1,11,5.636363636363637,0.18181818181818182,11.92,15.8,0.057,0.863,0.08,0.5806,366,19,173,5.505464480874317,0.24043715846994534,49.41,9.7,0.065,0.759,0.175,0.9783,320,20,147,4.75625,0.35,206.84,-15.7,0.0,0.0,0.0,0.0,0,0,0,0,0,38.32,11.9,0.085,0.78,0.135,0.5719,107,5,59,4.345794392523365,0.2616822429906542,30.57,12.8,0.076,0.786,0.138,0.9896,841,40,305,4.931034482758621,0.26516052318668254
grok 3 (thinking),2,degraded,experiment/prs\2\other_llms\grok 3 (thinking)\versions\degraded\degraded_pr.json,50.5,7.2,0.0,0.577,0.423,0.296,4,1,4,6.5,0.0,73.13,4.7,0.117,0.777,0.107,-0.0516,24,3,18,3.9583333333333335,0.2916666666666667,83.02,3.0,0.0,0.818,0.182,0.4404,19,3,15,3.9473684210526314,0.47368421052631576,81.29,3.7,0.0,0.508,0.492,0.5927,9,1,7,4.333333333333333,0.2222222222222222,75.88,3.7,0.0,1.0,0.0,0.0,5,1,4,4.8,0.4,73.44,4.6,0.032,0.809,0.159,0.6966,75,8,35,3.6933333333333334,0.22666666666666666
grok 3 (thinking),2,improved_degraded,experiment/prs\2\other_llms\grok 3 (thinking)\versions\improved_degraded\improved_degraded_pr.json,53.88,8.0,0.0,1.0,0.0,0.0,9,1,9,5.333333333333333,0.2222222222222222,32.19,12.2,0.009,0.942,0.049,0.8638,344,19,140,4.563953488372093,0.24709302325581395,49.11,9.8,0.022,0.84,0.138,0.9862,309,17,126,4.572815533980583,0.36893203883495146,40.04,11.2,0.0,0.826,0.174,0.7906,50,3,36,4.82,0.4,206.84,-15.7,0.0,0.0,0.0,0.0,0,0,0,0,0,40.35,11.1,0.008,0.894,0.099,0.9945,740,40,224,4.472972972972973,0.29864864864864865
grok 3 (thinking),2,improved_original,experiment/prs\2\other_llms\grok 3 (thinking)\versions\improved_original\improved_original_pr.json,34.93,11.1,0.19,0.635,0.175,-0.0516,11,1,11,5.636363636363637,0.18181818181818182,8.03,15.2,0.119,0.795,0.086,-0.7891,247,13,104,5.587044534412955,0.17408906882591094,43.49,9.9,0.055,0.73,0.214,0.9856,244,18,132,4.598360655737705,0.3073770491803279,206.84,-15.7,0.0,0.0,0.0,0.0,0,0,0,0,0,55.95,9.3,0.04,0.784,0.176,0.802,86,4,48,3.953488372093023,0.29069767441860467,33.61,11.6,0.079,0.779,0.143,0.9778,627,34,234,4.716108452950558,0.22488038277511962
qwen2.5-max (thinking QwQ),2,degraded,experiment/prs\2\other_llms\qwen2.5-max (thinking QwQ)\versions\degraded\degraded_pr.json,100.24,0.5,0.0,0.645,0.355,0.296,5,1,5,4.6,0.2,40.85,10.9,0.141,0.822,0.037,-0.7351,70,4,44,4.457142857142857,0.21428571428571427,83.73,2.7,0.322,0.585,0.093,-0.687,28,5,22,3.8214285714285716,0.39285714285714285,206.84,-15.7,0.0,0.0,0.0,0.0,0,0,0,0,0,206.84,-15.7,0.0,0.0,0.0,0.0,0,0,0,0,0,62.24,6.8,0.157,0.77,0.074,-0.7883,116,10,59,3.9482758620689653,0.23275862068965517
qwen2.5-max (thinking QwQ),2,improved_degraded,experiment/prs\2\other_llms\qwen2.5-max (thinking QwQ)\versions\improved_degraded\improved_degraded_pr.json,11.58,13.9,0.0,1.0,0.0,0.0,10,1,9,6.6,0.1,6.71,15.8,0.028,0.928,0.044,0.555,330,14,125,4.7303030303030305,0.09696969696969697,16.79,13.9,0.065,0.847,0.088,0.4215,199,11,93,5.331658291457287,0.15577889447236182,-50.35,25.3,0.0,0.702,0.298,0.7351,24,1,20,7.0,0.08333333333333333,206.84,-15.7,0.0,0.0,0.0,0.0,0,0,0,0,0,6.2,15.9,0.042,0.901,0.058,0.6988,571,24,182,5.145359019264449,0.1138353765323993
qwen2.5-max (thinking QwQ),2,improved_original,experiment/prs\2\other_llms\qwen2.5-max (thinking QwQ)\versions\improved_original\improved_original_pr.json,42.38,10.3,0.164,0.685,0.151,-0.0516,12,1,12,6.416666666666667,0.16666666666666666,-31.06,24.1,0.166,0.795,0.039,-0.9566,187,4,94,6.358288770053476,0.10160427807486631,-16.14,18.3,0.078,0.777,0.145,0.8471,182,12,117,6.835164835164835,0.18681318681318682,-24.97,27.9,0.035,0.861,0.105,0.5267,49,1,39,6.36734693877551,0.12244897959183673,-28.35,27.2,0.059,0.793,0.148,0.4588,48,1,36,5.979166666666667,0.22916666666666666,-16.21,20.4,0.098,0.809,0.093,-0.6527,519,15,221,6.1117533718689785,0.13872832369942195
baseline,3,degraded,experiment/prs\3\versions\degraded\degraded_pr.json,44.41,9.6,0.0,1.0,0.0,0.0,12,1,10,4.833333333333333,0.16666666666666666,60.72,7.4,0.038,0.876,0.087,0.7177,144,14,83,4.118055555555555,0.3263888888888889,92.8,1.3,0.0,0.612,0.388,0.2263,5,1,4,3.6,0.0,73.34,4.6,0.131,0.595,0.274,0.34,17,3,12,4.176470588235294,0.23529411764705882,63.05,6.5,0.0,0.849,0.151,0.4767,30,4,22,4.466666666666667,0.23333333333333334,61.93,7.0,0.037,0.867,0.096,0.8655,227,22,108,3.9691629955947136,0.2555066079295154
baseline,3,improved_degraded,experiment/prs\3\versions\improved_degraded\improved_degraded.json,10.56,14.3,0.0,1.0,0.0,0.0,11,1,10,6.363636363636363,0.18181818181818182,8.64,15.0,0.025,0.846,0.129,0.9552,245,11,113,5.183673469387755,0.22040816326530613,21.06,12.3,0.0,0.484,0.516,0.7506,9,1,8,6.333333333333333,0.2222222222222222,29.92,11.0,0.041,0.886,0.073,0.2668,69,8,47,5.6231884057971016,0.3333333333333333,11.38,14.0,0.0,0.866,0.134,0.6705,50,4,33,6.32,0.34,10.16,14.4,0.023,0.858,0.12,0.9804,405,24,166,5.254320987654321,0.2271604938271605
baseline,3,improved_original,experiment/prs\3\versions\improved_original\improved_original_pr.json,19.03,13.1,0.0,1.0,0.0,0.0,11,1,10,5.909090909090909,0.18181818181818182,5.08,16.4,0.018,0.881,0.102,0.9459,289,13,121,4.972318339100346,0.22837370242214533,-85.38,26.3,0.0,1.0,0.0,0.0,30,2,9,5.366666666666666,0.1,-4.13,15.8,0.066,0.866,0.069,0.0258,45,4,23,6.0,0.2222222222222222,34.83,11.2,0.053,0.804,0.143,0.7644,99,8,59,5.343434343434343,0.30303030303030304,7.93,15.3,0.029,0.873,0.097,0.9696,495,26,181,5.028282828282828,0.2202020202020202
baseline,3,original,experiment/prs\3\versions\original\original_pr.json,19.03,13.1,0.0,1.0,0.0,0.0,11,1,10,5.909090909090909,0.18181818181818182,57.87,8.5,0.01,0.939,0.051,0.9407,571,34,177,4.052539404553415,0.3222416812609457,-85.38,26.3,0.0,1.0,0.0,0.0,30,2,9,5.366666666666666,0.1,93.64,3.1,0.157,0.739,0.104,-0.3612,26,3,20,3.576923076923077,0.38461538461538464,69.99,5.9,0.0,0.836,0.164,0.8478,73,6,43,4.917808219178082,0.3835616438356164,59.09,8.0,0.014,0.925,0.06,0.9634,732,43,211,4.137978142076503,0.30601092896174864
claude 3.7 sonnet,3,degraded,experiment/prs\3\other_llms\claude 3.7 sonnet\versions\degraded\degraded_pr.json,37.98,10.0,0.0,1.0,0.0,0.0,8,1,8,5.625,0.25,61.83,7.0,0.0,0.94,0.06,0.7059,162,10,66,3.845679012345679,0.24691358024691357,120.21,-3.1,0.0,1.0,0.0,0.0,2,1,2,4.5,0.0,83.32,2.9,0.317,0.569,0.114,-0.5927,13,3,9,3.6923076923076925,0.23076923076923078,82.51,3.2,0.115,0.778,0.107,-0.0516,28,4,19,4.25,0.21428571428571427,62.75,6.6,0.064,0.902,0.034,-0.8181,233,15,85,3.7467811158798283,0.21888412017167383
claude 3.7 sonnet,3,improved_degraded,experiment/prs\3\other_llms\claude 3.7 sonnet\versions\improved_degraded\improved_degraded_pr.json,18.01,13.5,0.0,1.0,0.0,0.0,12,1,11,5.75,0.16666666666666666,16.22,16.2,0.011,0.86,0.129,0.9735,267,13,139,4.943820224719101,0.23595505617977527,92.8,1.3,0.0,0.612,0.388,0.2263,5,1,4,3.6,0.0,34.32,11.4,0.0,0.665,0.335,0.9973,197,15,107,5.065989847715736,0.34517766497461927,43.09,10.1,0.022,0.795,0.183,0.9743,164,10,92,4.841463414634147,0.35365853658536583,31.99,12.3,0.009,0.813,0.179,0.9983,665,38,248,4.899248120300752,0.2857142857142857
claude 3.7 sonnet,3,improved_original,experiment/prs\3\other_llms\claude 3.7 sonnet\versions\improved_original\improved_original_pr.json,1.09,15.8,0.0,1.0,0.0,0.0,12,1,11,6.25,0.16666666666666666,-24.36,27.7,0.009,0.897,0.094,0.9552,307,4,121,5.214983713355049,0.19218241042345277,-85.38,26.3,0.0,1.0,0.0,0.0,30,2,9,5.366666666666666,0.1,52.66,8.4,0.03,0.669,0.3,0.9915,131,12,74,4.900763358778626,0.33587786259541985,42.68,10.2,0.0,0.863,0.137,0.9551,134,9,76,4.917910447761194,0.40298507462686567,20.58,14.6,0.012,0.852,0.136,0.9962,638,25,203,4.9733542319749215,0.25235109717868337
deepseek deepthink r1,3,degraded,experiment/prs\3\other_llms\deepseek deepthink r1\versions\degraded\degraded_pr.json,37.98,10.0,0.0,1.0,0.0,0.0,9,1,8,5.333333333333333,0.2222222222222222,65.49,5.6,0.085,0.874,0.041,-0.4242,120,11,48,3.566666666666667,0.16666666666666666,-260.5,50.1,0.0,1.0,0.0,0.0,11,1,3,6.363636363636363,0.0,73.85,4.5,0.524,0.476,0.0,-0.5267,8,2,6,4.125,0.125,75.37,3.9,0.143,0.741,0.116,-0.128,21,4,17,4.238095238095238,0.3333333333333333,57.43,6.6,0.08,0.902,0.019,-0.7255,189,15,63,3.677248677248677,0.15343915343915343
deepseek deepthink r1,3,improved_degraded,experiment/prs\3\other_llms\deepseek deepthink r1\versions\improved_degraded\improved_degraded_pr.json,1.09,15.8,0.0,1.0,0.0,0.0,12,1,11,6.333333333333333,0.16666666666666666,-13.47,19.4,0.046,0.85,0.104,0.7964,203,3,97,5.463054187192118,0.09359605911330049,25.42,10.6,0.0,0.84,0.16,0.2263,14,2,8,5.571428571428571,0.07142857142857142,29.62,11.1,0.06,0.678,0.261,0.9432,79,7,47,5.2025316455696204,0.189873417721519,24.27,15.2,0.1,0.794,0.106,0.0772,56,1,36,4.875,0.16071428571428573,6.61,15.8,0.055,0.819,0.126,0.9601,383,11,147,5.177545691906006,0.12010443864229765
deepseek deepthink r1,3,improved_original,experiment/prs\3\other_llms\deepseek deepthink r1\versions\improved_original\improved_original_pr.json,21.06,12.3,0.0,1.0,0.0,0.0,9,1,8,6.0,0.1111111111111111,-22.34,20.7,0.032,0.849,0.119,0.8935,179,4,88,5.843575418994414,0.1340782122905028,-85.38,26.3,0.0,1.0,0.0,0.0,30,2,9,5.366666666666666,0.1,19.74,12.8,0.0,0.863,0.137,0.9186,115,8,65,5.373913043478261,0.2,3.12,15.1,0.0,0.896,0.104,0.7184,76,7,50,6.105263157894737,0.15789473684210525,-8.39,17.4,0.01,0.885,0.104,0.9777,422,19,154,5.725118483412322,0.14691943127962084
gemini 2.0 flash thinking,3,degraded,experiment/prs\3\other_llms\gemini 2.0 flash thinking\versions\degraded\degraded_pr.json,-35.13,19.4,0.0,1.0,0.0,0.0,6,1,5,6.833333333333333,0.16666666666666666,79.46,4.4,0.0,1.0,0.0,0.0,44,5,26,3.840909090909091,0.29545454545454547,36.62,8.4,0.0,0.0,1.0,0.296,1,1,1,2.0,0.0,88.74,2.9,0.0,0.761,0.239,0.296,10,2,7,3.4,0.2,91.27,1.9,0.0,0.621,0.379,0.6696,15,3,11,3.933333333333333,0.26666666666666666,71.21,5.5,0.0,0.959,0.041,0.3802,94,9,37,3.5319148936170213,0.20212765957446807
gemini 2.0 flash thinking,3,improved_degraded,experiment/prs\3\other_llms\gemini 2.0 flash thinking\versions\improved_degraded\improved_degraded_pr.json,26.47,12.3,0.0,1.0,0.0,0.0,12,1,11,5.75,0.16666666666666666,20.28,14.7,0.017,0.836,0.147,0.9825,307,13,144,5.078175895765472,0.2736156351791531,50.5,7.2,0.0,1.0,0.0,0.0,5,1,4,4.0,0.2,34.32,11.4,0.019,0.709,0.272,0.9854,136,14,81,5.022058823529412,0.3382352941176471,35.34,11.0,0.042,0.763,0.195,0.9348,120,8,70,4.841666666666667,0.31666666666666665,23.73,13.4,0.022,0.802,0.176,0.9969,601,35,236,4.896838602329451,0.2795341098169717
gemini 2.0 flash thinking,3,improved_original,experiment/prs\3\other_llms\gemini 2.0 flash thinking\versions\improved_original\improved_original_pr.json,3.12,15.1,0.0,1.0,0.0,0.0,10,1,9,6.8,0.1,25.39,14.8,0.022,0.872,0.106,0.9531,316,11,127,4.667721518987341,0.2721518987341772,90.77,2.1,0.0,1.0,0.0,0.0,7,1,6,4.285714285714286,0.42857142857142855,53.88,8.0,0.042,0.832,0.126,0.6908,86,9,48,4.895348837209302,0.313953488372093,69.99,5.9,0.0,0.836,0.164,0.8478,73,6,43,4.917808219178082,0.3835616438356164,40.14,11.2,0.022,0.863,0.116,0.9854,512,25,179,4.66796875,0.2734375
grok 3 (thinking),3,degraded,experiment/prs\3\other_llms\grok 3 (thinking)\versions\degraded\degraded_pr.json,-49.0,20.6,0.0,1.0,0.0,0.0,2,1,2,7.5,0.0,73.24,4.7,0.069,0.931,0.0,-0.504,80,8,38,3.05,0.2875,-85.38,26.3,0.0,1.0,0.0,0.0,30,2,9,5.366666666666666,0.1,91.27,1.9,0.159,0.529,0.313,0.3254,17,3,12,3.0588235294117645,0.35294117647058826,96.18,2.1,0.0,0.899,0.101,0.2023,25,4,18,3.32,0.36,64.78,5.9,0.067,0.933,0.0,-0.7142,175,17,62,3.3257142857142856,0.22285714285714286
grok 3 (thinking),3,improved_degraded,experiment/prs\3\other_llms\grok 3 (thinking)\versions\improved_degraded\improved_degraded_pr.json,18.01,13.5,0.0,1.0,0.0,0.0,14,1,12,5.142857142857143,0.14285714285714285,9.65,14.6,0.041,0.827,0.132,0.9719,341,19,142,5.117302052785924,0.24926686217008798,37.98,10.0,0.0,0.718,0.282,0.9549,72,7,48,4.458333333333333,0.375,53.88,8.0,0.023,0.758,0.219,0.9813,151,15,82,4.622516556291391,0.33774834437086093,39.19,9.5,0.063,0.724,0.213,0.8684,79,8,47,4.6455696202531644,0.2911392405063291,27.99,11.7,0.031,0.82,0.149,0.9952,680,48,242,4.758823529411765,0.2735294117647059
grok 3 (thinking),3,improved_original,experiment/prs\3\other_llms\grok 3 (thinking)\versions\improved_original\improved_original_pr.json,-2.98,17.4,0.0,1.0,0.0,0.0,19,1,15,5.578947368421052,0.15789473684210525,33.2,11.8,0.02,0.872,0.109,0.9786,420,21,144,4.311904761904762,0.2642857142857143,-85.38,26.3,0.0,1.0,0.0,0.0,30,2,9,5.366666666666666,0.1,71.0,5.5,0.027,0.75,0.223,0.9688,136,12,73,4.198529411764706,0.36764705882352944,71.0,5.5,0.027,0.75,0.223,0.9688,135,11,73,4.222222222222222,0.37037037037037035,43.69,9.8,0.022,0.85,0.128,0.9945,760,45,197,4.271052631578947,0.2855263157894737
qwen2.5-max (thinking QwQ),3,degraded,experiment/prs\3\other_llms\qwen2.5-max (thinking QwQ)\versions\degraded\degraded_pr.json,49.48,7.6,0.0,1.0,0.0,0.0,5,1,5,5.6,0.2,64.98,5.8,0.038,0.911,0.051,0.234,105,14,46,3.7523809523809524,0.1619047619047619,-641.2,103.2,0.0,1.0,0.0,0.0,19,2,3,6.157894736842105,0.0,33.58,9.6,0.314,0.286,0.4,0.1531,4,1,4,7.25,0.0,75.88,3.7,0.0,1.0,0.0,0.0,4,1,4,5.5,0.0,47.86,8.2,0.031,0.919,0.05,0.3907,151,15,50,4.026490066225166,0.11920529801324503
qwen2.5-max (thinking QwQ),3,improved_degraded,experiment/prs\3\other_llms\qwen2.5-max (thinking QwQ)\versions\improved_degraded\improved_degraded_pr.json,32.9,11.9,0.0,0.816,0.184,0.4019,14,1,11,5.928571428571429,0.21428571428571427,8.53,15.1,0.051,0.862,0.087,0.636,175,11,92,5.297142857142857,0.13714285714285715,59.97,5.6,0.0,1.0,0.0,0.0,4,1,3,4.25,0.0,-10.02,18.0,0.062,0.799,0.139,0.7184,85,4,51,6.129411764705883,0.12941176470588237,28.91,11.4,0.055,0.842,0.103,0.3182,51,5,34,5.529411764705882,0.11764705882352941,7.82,15.3,0.043,0.855,0.102,0.9381,342,18,143,5.529239766081871,0.1286549707602339
qwen2.5-max (thinking QwQ),3,improved_original,experiment/prs\3\other_llms\qwen2.5-max (thinking QwQ)\versions\improved_original\improved_original_pr.json,25.46,12.7,0.0,1.0,0.0,0.0,13,1,12,5.538461538461538,0.15384615384615385,38.52,11.8,0.016,0.907,0.077,0.9721,569,29,203,4.302284710017575,0.281195079086116,-85.38,26.3,0.0,1.0,0.0,0.0,30,2,9,5.366666666666666,0.1,55.61,7.3,0.053,0.704,0.243,0.9427,82,9,50,4.890243902439025,0.18292682926829268,27.18,12.0,0.038,0.865,0.097,0.4588,91,5,54,5.197802197802198,0.1978021978021978,41.77,10.6,0.022,0.888,0.09,0.9861,800,44,250,4.5125,0.24375
baseline,4,degraded,experiment/prs\4\versions\degraded\degraded_pr.json,34.59,9.2,0.0,1.0,0.0,0.0,8,1,4,3.875,0.0,46.64,8.7,0.046,0.954,0.0,-0.5696,114,10,57,4.421052631578948,0.2807017543859649,62.95,6.6,0.084,0.669,0.247,0.8176,50,5,38,4.52,0.32,206.84,-15.7,0.0,0.0,0.0,0.0,0,0,0,0,0,76.72,5.4,0.044,0.829,0.127,0.6269,52,4,37,4.076923076923077,0.38461538461538464,54.49,7.7,0.046,0.852,0.103,0.9137,248,18,115,4.07258064516129,0.25
baseline,4,improved_degraded,experiment/prs\4\versions\improved_degraded\improved_degraded.json,-3.32,15.5,0.0,0.674,0.326,0.4404,12,1,8,5.0,0.08333333333333333,26.57,12.3,0.031,0.855,0.114,0.9273,201,13,106,5.119402985074627,0.24378109452736318,24.64,13.0,0.0,0.755,0.245,0.9571,88,8,57,5.875,0.25,19.03,13.1,0.0,0.846,0.154,0.8481,66,6,51,5.833333333333333,0.2727272727272727,14.76,14.7,0.0,0.728,0.272,0.9574,77,5,60,5.8441558441558445,0.33766233766233766,25.66,12.6,0.013,0.822,0.165,0.9951,468,31,201,5.294871794871795,0.2329059829059829
baseline,4,improved_original,experiment/prs\4\versions\improved_original\improved_original_pr.json,-3.32,15.5,0.0,0.723,0.277,0.3182,12,1,8,5.416666666666667,0.08333333333333333,-17.46,18.8,0.061,0.826,0.113,0.858,310,16,107,6.009677419354839,0.1935483870967742,22.0,14.0,0.022,0.761,0.217,0.9313,90,5,57,5.666666666666667,0.3,206.84,-15.7,0.0,0.0,0.0,0.0,0,0,0,0,0,6.3,15.9,0.024,0.762,0.214,0.9292,78,5,58,6.012820512820513,0.28205128205128205,-1.76,16.9,0.038,0.823,0.139,0.986,514,26,177,5.727626459143969,0.20622568093385213
baseline,4,original,experiment/prs\4\versions\original\original_pr.json,-34.11,19.0,0.0,0.566,0.434,0.3182,9,1,5,5.0,0.0,25.96,12.5,0.035,0.846,0.119,0.9541,395,8,118,5.189873417721519,0.20506329113924052,45.01,9.3,0.0,0.791,0.209,0.9429,114,7,54,4.684210526315789,0.3157894736842105,206.84,-15.7,0.0,0.0,0.0,0.0,0,0,0,0,0,69.41,8.2,0.0,0.953,0.047,0.3919,66,3,47,3.9545454545454546,0.3787878787878788,34.12,11.4,0.015,0.901,0.084,0.9482,607,16,175,4.841845140032949,0.22405271828665568
claude 3.7 sonnet,4,degraded,experiment/prs\4\other_llms\claude 3.7 sonnet\versions\degraded\degraded_pr.json,59.97,5.6,0.0,1.0,0.0,0.0,8,1,4,3.625,0.0,27.49,11.9,0.028,0.843,0.129,0.9599,362,8,101,5.259668508287293,0.1850828729281768,45.01,9.3,0.0,0.791,0.209,0.9429,114,7,54,4.684210526315789,0.3157894736842105,206.84,-15.7,0.0,0.0,0.0,0.0,0,0,0,0,0,85.69,4.0,0.13,0.788,0.083,-0.2946,26,2,21,4.1923076923076925,0.38461538461538464,35.95,10.7,0.018,0.852,0.13,0.9853,534,15,143,4.919475655430712,0.20224719101123595
claude 3.7 sonnet,4,improved_degraded,experiment/prs\4\other_llms\claude 3.7 sonnet\versions\improved_degraded\improved_degraded_pr.json,20.04,12.7,0.209,0.543,0.248,0.128,14,1,10,5.214285714285714,0.14285714285714285,2.14,17.5,0.054,0.791,0.155,0.9804,433,12,143,4.5889145496535795,0.09006928406466513,42.27,10.4,0.028,0.753,0.219,0.9729,133,9,81,4.917293233082707,0.3233082706766917,53.07,8.3,0.066,0.823,0.11,0.09,55,5,42,4.909090909090909,0.45454545454545453,42.88,10.1,0.061,0.841,0.097,0.7306,175,9,97,4.7371428571428575,0.25142857142857145,23.53,13.4,0.046,0.822,0.132,0.9927,838,34,276,4.627684964200477,0.1766109785202864
claude 3.7 sonnet,4,improved_original,experiment/prs\4\other_llms\claude 3.7 sonnet\versions\improved_original\improved_original_pr.json,-20.24,17.8,0.0,0.476,0.524,0.6705,12,1,8,5.583333333333333,0.08333333333333333,16.79,13.9,0.039,0.813,0.149,0.9853,472,12,151,5.504237288135593,0.16101694915254236,60.51,7.5,0.028,0.864,0.108,0.802,128,10,75,4.375,0.375,35.95,10.7,0.0,0.7,0.3,0.9136,57,5,42,5.43859649122807,0.2982456140350877,41.56,10.6,0.02,0.863,0.117,0.9706,254,17,143,4.968503937007874,0.3228346456692913,34.12,11.4,0.023,0.847,0.13,0.9963,959,44,311,5.0604796663190825,0.23149113660062565
deepseek deepthink r1,4,degraded,experiment/prs\4\other_llms\deepseek deepthink r1\versions\degraded\degraded_pr.json,59.97,5.6,0.0,1.0,0.0,0.0,8,1,4,3.25,0.125,72.42,5.0,0.063,0.849,0.088,0.2905,160,6,42,3.40625,0.09375,82.51,3.2,0.248,0.551,0.201,-0.3468,27,4,22,3.6296296296296298,0.2222222222222222,206.84,-15.7,0.0,0.0,0.0,0.0,0,0,0,0,0,98.55,3.2,0.388,0.612,0.0,-0.7661,16,1,14,3.6875,0.6875,72.12,5.1,0.124,0.827,0.049,-0.8832,235,9,68,3.246808510638298,0.12340425531914893
deepseek deepthink r1,4,improved_degraded,experiment/prs\4\other_llms\deepseek deepthink r1\versions\improved_degraded\improved_degraded_pr.json,29.52,11.1,0.0,1.0,0.0,0.0,10,1,7,5.1,0.1,4.17,16.7,0.05,0.837,0.113,0.8955,260,9,124,5.092307692307692,0.08461538461538462,43.19,10.0,0.043,0.791,0.165,0.9287,133,8,81,5.06015037593985,0.2781954887218045,19.33,13.0,0.041,0.784,0.175,0.836,64,5,49,5.6875,0.234375,29.41,11.2,0.077,0.754,0.169,0.7269,67,5,44,5.2835820895522385,0.2835820895522388,25.25,12.8,0.05,0.809,0.141,0.9902,560,26,220,5.008928571428571,0.1625
deepseek deepthink r1,4,improved_original,experiment/prs\4\other_llms\deepseek deepthink r1\versions\improved_original\improved_original_pr.json,21.06,12.3,0.0,0.686,0.314,0.4939,13,1,9,4.846153846153846,0.07692307692307693,-5.65,16.4,0.013,0.867,0.12,0.955,290,9,115,4.817241379310345,0.09310344827586207,34.73,11.2,0.046,0.811,0.143,0.8883,144,9,81,4.777777777777778,0.3055555555555556,206.84,-15.7,0.0,0.0,0.0,0.0,0,0,0,0,0,24.24,13.2,0.041,0.804,0.155,0.8555,88,6,70,5.568181818181818,0.25,10.16,14.4,0.021,0.837,0.142,0.9923,564,24,219,4.785460992907802,0.16312056737588654
gemini 2.0 flash thinking,4,degraded,experiment/prs\4\other_llms\gemini 2.0 flash thinking\versions\degraded\degraded_pr.json,50.5,7.2,0.0,1.0,0.0,0.0,9,1,5,3.888888888888889,0.1111111111111111,-1.39,14.7,0.059,0.905,0.036,-0.202,198,6,39,6.212121212121212,0.09595959595959595,29.82,11.0,0.056,0.672,0.272,0.7276,30,3,20,5.7,0.3,206.84,-15.7,0.0,0.0,0.0,0.0,0,0,0,0,0,90.26,2.3,0.092,0.822,0.086,-0.0516,32,4,22,3.65625,0.4375,23.19,11.5,0.032,0.924,0.044,0.3909,295,12,72,5.416949152542373,0.13220338983050847
gemini 2.0 flash thinking,4,improved_degraded,experiment/prs\4\other_llms\gemini 2.0 flash thinking\versions\improved_degraded\improved_degraded_pr.json,1.09,15.8,0.0,0.608,0.392,0.7003,12,1,11,6.416666666666667,0.25,31.78,12.3,0.018,0.846,0.136,0.9774,283,12,139,5.176678445229682,0.28975265017667845,24.54,13.0,0.0,0.692,0.308,0.9873,132,7,78,5.568181818181818,0.2803030303030303,38.72,11.7,0.023,0.826,0.151,0.9724,217,9,118,5.046082949308755,0.35944700460829493,38.72,11.7,0.023,0.826,0.151,0.9724,217,9,118,5.046082949308755,0.35944700460829493,30.97,12.6,0.017,0.814,0.169,0.9986,894,37,257,5.058165548098434,0.31096196868008946
gemini 2.0 flash thinking,4,improved_original,experiment/prs\4\other_llms\gemini 2.0 flash thinking\versions\improved_original\improved_original_pr.json,48.97,7.8,0.0,1.0,0.0,0.0,20,1,9,4.45,0.15,23.43,13.5,0.015,0.896,0.089,0.9763,529,14,164,4.0283553875236295,0.18525519848771266,49.41,9.7,0.07,0.779,0.151,0.891,173,12,101,4.589595375722543,0.3583815028901734,23.73,13.4,0.021,0.82,0.159,0.9506,142,8,99,5.288732394366197,0.31690140845070425,69.41,8.2,0.0,0.953,0.047,0.3919,66,3,47,3.9545454545454546,0.3787878787878788,32.19,12.2,0.021,0.874,0.105,0.9947,957,37,297,4.249738766980146,0.24033437826541273
grok 3 (thinking),4,degraded,experiment/prs\4\other_llms\grok 3 (thinking)\versions\degraded\degraded_pr.json,35.61,8.8,0.0,1.0,0.0,0.0,2,1,2,8.0,0.0,27.49,11.9,0.03,0.831,0.139,0.9594,322,11,104,5.111801242236025,0.20496894409937888,81.29,3.7,0.0,0.765,0.235,0.7717,36,5,27,4.027777777777778,0.3055555555555556,206.84,-15.7,0.0,0.0,0.0,0.0,0,0,0,0,0,83.62,2.8,0.152,0.848,0.0,-0.3252,21,3,13,3.380952380952381,0.47619047619047616,36.96,10.3,0.024,0.844,0.132,0.9732,405,19,128,4.718518518518518,0.20246913580246914
grok 3 (thinking),4,improved_degraded,experiment/prs\4\other_llms\grok 3 (thinking)\versions\improved_degraded\improved_degraded_pr.json,5.15,14.3,0.0,0.674,0.326,0.4404,7,1,7,7.142857142857143,0.2857142857142857,43.9,9.7,0.017,0.887,0.095,0.9411,431,15,147,4.104408352668213,0.18329466357308585,62.54,6.7,0.0,0.746,0.254,0.9467,63,6,45,4.253968253968254,0.3968253968253968,51.85,8.8,0.0,0.772,0.228,0.7096,26,2,18,4.6923076923076925,0.3076923076923077,206.84,-15.7,0.0,0.0,0.0,0.0,0,0,0,0,0,43.9,9.7,0.013,0.846,0.142,0.9925,537,24,185,4.13780260707635,0.2122905027932961
grok 3 (thinking),4,improved_original,experiment/prs\4\other_llms\grok 3 (thinking)\versions\improved_original\improved_original_pr.json,20.04,12.7,0.0,0.721,0.279,0.4767,9,1,9,7.555555555555555,0.2222222222222222,25.76,12.6,0.042,0.859,0.099,0.923,357,16,137,4.658263305322129,0.19887955182072828,63.76,6.3,0.0,0.852,0.148,0.8264,71,6,41,4.295774647887324,0.2535211267605634,206.84,-15.7,0.0,0.0,0.0,0.0,0,0,0,0,0,206.84,-15.7,0.0,0.0,0.0,0.0,0,0,0,0,0,35.03,11.1,0.033,0.862,0.105,0.9689,448,22,162,4.578125,0.203125
qwen2.5-max (thinking QwQ),4,degraded,experiment/prs\4\other_llms\qwen2.5-max (thinking QwQ)\versions\degraded\degraded_pr.json,34.59,9.2,0.0,0.465,0.535,0.3182,5,1,3,4.8,0.0,57.03,6.8,0.033,0.897,0.07,0.4184,109,9,46,3.8807339449541285,0.14678899082568808,64.88,5.8,0.065,0.587,0.349,0.8271,31,4,24,5.032258064516129,0.12903225806451613,206.84,-15.7,0.0,0.0,0.0,0.0,0,0,0,0,0,24.1,11.1,0.121,0.714,0.165,0.2023,19,3,15,5.684210526315789,0.15789473684210525,57.23,6.7,0.035,0.81,0.155,0.928,189,16,78,3.947089947089947,0.10582010582010581
qwen2.5-max (thinking QwQ),4,improved_degraded,experiment/prs\4\other_llms\qwen2.5-max (thinking QwQ)\versions\improved_degraded\improved_degraded_pr.json,25.46,12.7,0.0,0.775,0.225,0.4939,17,1,12,4.882352941176471,0.17647058823529413,-15.36,22.2,0.041,0.827,0.132,0.9272,278,5,114,4.636690647482014,0.10431654676258993,62.95,6.6,0.086,0.86,0.054,-0.5625,92,9,54,4.586956521739131,0.25,-31.4,22.1,0.0,0.792,0.208,0.4939,18,1,18,8.055555555555555,0.1111111111111111,1.29,15.8,0.056,0.87,0.075,-0.126,62,5,44,6.290322580645161,0.22580645161290322,4.47,16.6,0.04,0.85,0.109,0.9598,489,18,189,4.846625766871166,0.1390593047034765
qwen2.5-max (thinking QwQ),4,improved_original,experiment/prs\4\other_llms\qwen2.5-max (thinking QwQ)\versions\improved_original\improved_original_pr.json,4.14,14.7,0.207,0.517,0.276,0.2023,13,1,9,5.076923076923077,0.07692307692307693,16.39,14.1,0.028,0.892,0.08,0.9187,437,13,133,4.162471395881007,0.10755148741418764,49.82,9.5,0.038,0.84,0.122,0.743,92,6,62,4.891304347826087,0.2391304347826087,53.88,8.0,0.0,0.912,0.088,0.3612,28,2,23,5.285714285714286,0.21428571428571427,-13.81,17.4,0.0,0.784,0.216,0.5267,19,2,16,7.105263157894737,0.15789473684210525,24.34,13.1,0.032,0.878,0.09,0.9666,600,21,195,4.435,0.12833333333333333
baseline,5,degraded,experiment/prs\5\versions\degraded\degraded_pr.json,56.93,6.8,0.0,1.0,0.0,0.0,6,1,6,5.166666666666667,0.16666666666666666,37.71,12.1,0.043,0.927,0.03,-0.2878,130,3,57,4.2615384615384615,0.18461538461538463,64.07,6.1,0.071,0.794,0.135,0.7269,108,11,65,4.12037037037037,0.3055555555555556,206.84,-15.7,0.0,0.0,0.0,0.0,0,0,0,0,0,206.84,-15.7,0.0,0.0,0.0,0.0,0,0,0,0,0,52.46,8.5,0.055,0.878,0.066,0.2585,262,14,112,4.019083969465649,0.21755725190839695
baseline,5,improved_degraded,experiment/prs\5\versions\improved_degraded\improved_degraded.json,27.49,11.9,0.155,0.473,0.372,0.4939,10,1,9,6.4,0.1,22.11,14.0,0.021,0.921,0.059,0.7717,318,10,126,4.544025157232705,0.2138364779874214,27.79,11.8,0.0,0.897,0.103,0.8555,137,10,83,5.175182481751825,0.3284671532846715,206.84,-15.7,0.0,0.0,0.0,0.0,0,0,0,0,0,206.84,-15.7,0.0,0.0,0.0,0.0,0,0,0,0,0,24.34,13.1,0.019,0.9,0.081,0.9559,484,20,176,4.6384297520661155,0.22933884297520662
baseline,5,improved_original,experiment/prs\5\versions\improved_original\improved_original_pr.json,22.07,11.9,0.0,1.0,0.0,0.0,7,1,7,6.714285714285714,0.14285714285714285,42.48,10.3,0.036,0.905,0.059,0.5542,263,12,105,4.239543726235741,0.2585551330798479,43.09,10.1,0.021,0.841,0.139,0.957,201,13,107,4.880597014925373,0.30845771144278605,206.84,-15.7,0.0,0.0,0.0,0.0,0,0,0,0,0,206.84,-15.7,0.0,0.0,0.0,0.0,0,0,0,0,0,42.58,10.3,0.028,0.875,0.097,0.9707,489,26,171,4.445807770961145,0.2658486707566462
baseline,5,original,experiment/prs\5\versions\original\original_pr.json,48.47,8.0,0.0,1.0,0.0,0.0,6,1,6,5.333333333333333,0.16666666666666666,23.39,17.6,0.017,0.939,0.044,0.7869,339,6,101,4.380530973451328,0.28023598820059,65.93,7.5,0.033,0.845,0.121,0.984,416,17,125,4.055288461538462,0.35336538461538464,206.84,-15.7,0.0,0.0,0.0,0.0,0,0,0,0,0,206.84,-15.7,0.0,0.0,0.0,0.0,0,0,0,0,0,53.41,10.2,0.016,0.943,0.041,0.8696,781,20,198,4.235595390524968,0.30089628681177977
claude 3.7 sonnet,5,degraded,experiment/prs\5\other_llms\claude 3.7 sonnet\versions\degraded\degraded_pr.json,59.97,5.6,0.0,1.0,0.0,0.0,3,1,3,4.666666666666667,0.0,11.62,22.1,0.013,0.932,0.056,0.8195,267,5,90,4.322097378277154,0.24719101123595505,77.84,5.0,0.02,0.86,0.12,0.8289,105,5,64,4.076190476190476,0.3523809523809524,206.84,-15.7,0.0,0.0,0.0,0.0,0,0,0,0,0,206.84,-15.7,0.0,0.0,0.0,0.0,0,0,0,0,0,42.21,12.5,0.023,0.918,0.059,0.8798,395,9,131,4.189873417721519,0.25316455696202533
claude 3.7 sonnet,5,improved_degraded,experiment/prs\5\other_llms\claude 3.7 sonnet\versions\improved_degraded\improved_degraded_pr.json,20.04,12.7,0.0,1.0,0.0,0.0,9,1,9,6.555555555555555,0.1111111111111111,18.55,15.3,0.048,0.909,0.044,-0.4588,326,4,122,4.659509202453988,0.17484662576687116,33.31,11.7,0.017,0.875,0.108,0.9716,342,17,157,5.152046783625731,0.3128654970760234,206.84,-15.7,0.0,0.0,0.0,0.0,0,0,0,0,0,206.84,-15.7,0.0,0.0,0.0,0.0,0,0,0,0,0,22.51,13.8,0.024,0.908,0.069,0.9626,700,21,225,4.844285714285714,0.2342857142857143
claude 3.7 sonnet,5,improved_original,experiment/prs\5\other_llms\claude 3.7 sonnet\versions\improved_original\improved_original_pr.json,21.06,12.3,0.0,1.0,0.0,0.0,8,1,8,6.625,0.125,10.43,18.5,0.054,0.875,0.072,0.746,473,10,157,4.630021141649048,0.23890063424947147,42.17,10.4,0.044,0.778,0.178,0.9942,391,22,166,4.690537084398977,0.329923273657289,206.84,-15.7,0.0,0.0,0.0,0.0,0,0,0,0,0,206.84,-15.7,0.0,0.0,0.0,0.0,0,0,0,0,0,28.84,13.5,0.037,0.841,0.121,0.9958,892,29,259,4.663677130044843,0.2679372197309417
deepseek deepthink r1,5,degraded,experiment/prs\5\other_llms\deepseek deepthink r1\versions\degraded\degraded_pr.json,100.24,0.5,0.0,1.0,0.0,0.0,5,1,5,4.0,0.2,20.08,14.8,0.08,0.829,0.092,0.186,112,3,36,4.044642857142857,0.0625,79.87,4.2,0.06,0.811,0.129,0.6742,67,5,32,4.0,0.3283582089552239,206.84,-15.7,0.0,0.0,0.0,0.0,0,0,0,0,0,206.84,-15.7,0.0,0.0,0.0,0.0,0,0,0,0,0,51.44,8.9,0.036,0.842,0.122,0.8832,202,6,64,3.8613861386138613,0.13366336633663367
deepseek deepthink r1,5,improved_degraded,experiment/prs\5\other_llms\deepseek deepthink r1\versions\improved_degraded\improved_degraded_pr.json,-4.33,15.9,0.0,1.0,0.0,0.0,8,1,8,6.625,0.125,-2.37,17.2,0.055,0.856,0.088,0.6124,229,6,93,5.248908296943231,0.09606986899563319,17.6,13.6,0.0,0.9,0.1,0.9217,220,10,97,5.15,0.13636363636363635,206.84,-15.7,0.0,0.0,0.0,0.0,0,0,0,0,0,206.84,-15.7,0.0,0.0,0.0,0.0,0,0,0,0,0,-0.95,16.6,0.029,0.88,0.091,0.9477,476,16,153,5.186974789915967,0.11134453781512606
deepseek deepthink r1,5,improved_original,experiment/prs\5\other_llms\deepseek deepthink r1\versions\improved_original\improved_original_pr.json,24.1,11.1,0.0,1.0,0.0,0.0,10,1,9,6.4,0.2,-3.28,17.5,0.061,0.873,0.066,-0.015,248,4,90,5.221774193548387,0.0967741935483871,14.76,14.7,0.071,0.861,0.068,-0.5423,227,6,97,5.26431718061674,0.17180616740088106,206.84,-15.7,0.0,0.0,0.0,0.0,0,0,0,0,0,206.84,-15.7,0.0,0.0,0.0,0.0,0,0,0,0,0,-1.96,17.0,0.058,0.874,0.068,-0.1675,500,8,147,5.39,0.122
gemini 2.0 flash thinking,5,degraded,experiment/prs\5\other_llms\gemini 2.0 flash thinking\versions\degraded\degraded_pr.json,119.19,-2.7,0.0,1.0,0.0,0.0,3,1,3,4.0,0.0,47.22,12.6,0.03,0.914,0.056,0.664,254,8,89,3.9881889763779528,0.25196850393700787,90.26,2.3,0.037,0.75,0.213,0.9714,158,16,55,3.1772151898734178,0.34810126582278483,206.84,-15.7,0.0,0.0,0.0,0.0,0,0,0,0,0,206.84,-15.7,0.0,0.0,0.0,0.0,0,0,0,0,0,67.65,6.8,0.029,0.891,0.08,0.9322,432,19,125,3.699074074074074,0.2638888888888889
gemini 2.0 flash thinking,5,improved_degraded,experiment/prs\5\other_llms\gemini 2.0 flash thinking\versions\improved_degraded\improved_degraded_pr.json,37.98,10.0,0.0,1.0,0.0,0.0,8,1,8,5.375,0.25,26.88,12.1,0.0,0.934,0.066,0.875,269,13,114,4.66542750929368,0.26022304832713755,43.8,9.8,0.027,0.819,0.154,0.9565,177,12,103,4.9491525423728815,0.2994350282485876,206.84,-15.7,0.0,0.0,0.0,0.0,0,0,0,0,0,206.84,-15.7,0.0,0.0,0.0,0.0,0,0,0,0,0,35.13,11.0,0.012,0.885,0.103,0.9812,475,25,179,4.6421052631578945,0.26105263157894737
gemini 2.0 flash thinking,5,improved_original,experiment/prs\5\other_llms\gemini 2.0 flash thinking\versions\improved_original\improved_original_pr.json,2.11,15.5,0.0,1.0,0.0,0.0,10,1,10,6.4,0.2,22.85,15.8,0.024,0.905,0.071,0.9401,470,10,146,4.580851063829787,0.2702127659574468,51.44,8.9,0.009,0.841,0.149,0.9889,348,21,120,4.574712643678161,0.34770114942528735,206.84,-15.7,0.0,0.0,0.0,0.0,0,0,0,0,0,206.84,-15.7,0.0,0.0,0.0,0.0,0,0,0,0,0,38.52,11.8,0.013,0.88,0.108,0.9952,845,30,215,4.557396449704142,0.2923076923076923
grok 3 (thinking),5,degraded,experiment/prs\5\other_llms\grok 3 (thinking)\versions\degraded\degraded_pr.json,93.81,0.9,0.0,1.0,0.0,0.0,3,1,3,4.0,0.0,17.64,15.7,0.0,0.881,0.119,0.7865,126,3,42,4.015873015873016,0.11904761904761904,73.54,4.6,0.094,0.853,0.053,-0.2023,57,8,31,3.5789473684210527,0.38596491228070173,206.84,-15.7,0.0,0.0,0.0,0.0,0,0,0,0,0,206.84,-15.7,0.0,0.0,0.0,0.0,0,0,0,0,0,43.8,9.8,0.036,0.895,0.069,0.5904,206,11,64,3.6359223300970873,0.1796116504854369
grok 3 (thinking),5,improved_degraded,experiment/prs\5\other_llms\grok 3 (thinking)\versions\improved_degraded\improved_degraded_pr.json,42.38,10.3,0.0,1.0,0.0,0.0,12,1,11,5.833333333333333,0.25,43.09,10.1,0.029,0.937,0.033,-0.0408,285,10,107,4.256140350877193,0.23157894736842105,44.1,9.7,0.033,0.878,0.089,0.75,151,10,83,4.754966887417218,0.3443708609271523,206.84,-15.7,0.0,0.0,0.0,0.0,0,0,0,0,0,206.84,-15.7,0.0,0.0,0.0,0.0,0,0,0,0,0,43.49,9.9,0.03,0.917,0.054,0.7379,467,20,150,4.338329764453961,0.2569593147751606
grok 3 (thinking),5,improved_original,experiment/prs\5\other_llms\grok 3 (thinking)\versions\improved_original\improved_original_pr.json,56.93,6.8,0.0,1.0,0.0,0.0,12,1,11,5.416666666666667,0.25,23.66,15.4,0.052,0.886,0.062,0.6663,487,13,150,4.577002053388091,0.26899383983572894,61.53,7.1,0.054,0.807,0.14,0.9624,267,18,114,4.191011235955056,0.3295880149812734,206.84,-15.7,0.0,0.0,0.0,0.0,0,0,0,0,0,206.84,-15.7,0.0,0.0,0.0,0.0,0,0,0,0,0,39.43,11.5,0.043,0.867,0.091,0.9829,788,30,215,4.380710659898477,0.27918781725888325
qwen2.5-max (thinking QwQ),5,degraded,experiment/prs\5\other_llms\qwen2.5-max (thinking QwQ)\versions\degraded\degraded_pr.json,83.32,2.9,0.0,1.0,0.0,0.0,5,1,5,4.8,0.2,-11.44,18.6,0.0,1.0,0.0,0.0,97,3,33,4.412371134020619,0.07216494845360824,49.18,7.7,0.0,0.839,0.161,0.5927,26,5,21,4.653846153846154,0.3076923076923077,206.84,-15.7,0.0,0.0,0.0,0.0,0,0,0,0,0,206.84,-15.7,0.0,0.0,0.0,0.0,0,0,0,0,0,18.92,13.1,0.0,0.951,0.049,0.5927,139,8,49,4.223021582733813,0.11510791366906475
qwen2.5-max (thinking QwQ),5,improved_degraded,experiment/prs\5\other_llms\qwen2.5-max (thinking QwQ)\versions\improved_degraded\improved_degraded_pr.json,37.98,10.0,0.0,1.0,0.0,0.0,8,1,7,6.125,0.125,5.59,16.2,0.036,0.932,0.032,-0.1174,206,3,81,4.893203883495145,0.13592233009708737,28.7,11.4,0.0,0.881,0.119,0.91,135,11,82,5.4,0.21481481481481482,206.84,-15.7,0.0,0.0,0.0,0.0,0,0,0,0,0,206.84,-15.7,0.0,0.0,0.0,0.0,0,0,0,0,0,17.81,13.6,0.019,0.921,0.06,0.8534,367,14,137,4.9346049046321525,0.15803814713896458
qwen2.5-max (thinking QwQ),5,improved_original,experiment/prs\5\other_llms\qwen2.5-max (thinking QwQ)\versions\improved_original\improved_original_pr.json,19.03,13.1,0.375,0.625,0.0,-0.5859,10,1,9,6.2,0.2,9.59,16.7,0.078,0.849,0.073,0.0451,210,4,85,4.966666666666667,0.16666666666666666,21.36,12.2,0.065,0.852,0.083,0.4019,183,14,91,5.51912568306011,0.1912568306010929,206.84,-15.7,0.0,0.0,0.0,0.0,0,0,0,0,0,206.84,-15.7,0.0,0.0,0.0,0.0,0,0,0,0,0,17.71,13.6,0.083,0.842,0.074,-0.2323,424,18,138,5.061320754716981,0.16981132075471697
baseline,6,degraded,experiment/prs\6\versions\degraded\degraded_pr.json,34.08,9.4,0.241,0.759,0.0,-0.2263,8,1,5,7.875,0.125,66.1,5.4,0.0,1.0,0.0,0.0,23,3,14,4.086956521739131,0.043478260869565216,53.47,8.1,0.093,0.833,0.073,-0.3365,197,15,113,4.289340101522843,0.29949238578680204,32.56,10.0,0.0,0.441,0.559,0.4215,8,2,4,3.25,0.0,65.22,7.8,0.0,1.0,0.0,0.0,32,2,23,4.0625,0.34375,62.34,6.8,0.069,0.875,0.055,-0.296,293,22,129,4.075085324232082,0.23890784982935154
baseline,6,improved_degraded,experiment/prs\6\versions\improved_degraded\improved_degraded.json,-0.27,14.3,0.0,0.7,0.3,0.4588,9,1,6,8.777777777777779,0.1111111111111111,17.91,13.5,0.051,0.8,0.149,0.9062,129,8,71,5.6434108527131785,0.27906976744186046,24.85,12.9,0.043,0.837,0.12,0.9601,286,16,158,5.3321678321678325,0.34265734265734266,42.38,10.3,0.0,0.809,0.191,0.7783,40,3,30,5.0,0.425,-5.52,18.4,0.0,0.935,0.065,0.3182,38,2,30,5.894736842105263,0.3157894736842105,25.15,12.8,0.038,0.846,0.116,0.9871,527,29,213,5.297912713472486,0.29791271347248577
baseline,6,improved_original,experiment/prs\6\versions\improved_original\improved_original_pr.json,16.15,12.1,0.192,0.808,0.0,-0.2263,10,1,7,8.7,0.1,15.78,14.3,0.01,0.935,0.055,0.8225,235,10,115,5.348936170212766,0.2425531914893617,41.26,10.8,0.031,0.883,0.087,0.9587,445,22,202,4.840449438202247,0.33707865168539325,62.04,6.9,0.0,0.764,0.236,0.7506,32,3,23,4.78125,0.40625,7.86,17.4,0.0,0.882,0.118,0.6369,51,2,35,5.235294117647059,0.2549019607843137,32.49,12.1,0.024,0.895,0.081,0.9868,800,36,286,4.945,0.28875
baseline,6,original,experiment/prs\6\versions\original\original_pr.json,-25.15,17.6,0.0,1.0,0.0,0.0,8,1,5,10.5,0.125,-59.49,28.8,0.0,0.929,0.071,0.296,55,1,24,6.2727272727272725,0.07272727272727272,57.98,8.5,0.06,0.853,0.087,0.9499,787,37,232,4.546378653113088,0.3748411689961881,90.77,2.1,0.0,1.0,0.0,0.0,9,3,5,3.111111111111111,0.2222222222222222,71.14,7.6,0.0,0.925,0.075,0.3939,44,3,25,4.0227272727272725,0.3181818181818182,49.41,9.7,0.054,0.861,0.085,0.9679,929,37,256,4.672766415500538,0.3293864370290635
claude 3.7 sonnet,6,degraded,experiment/prs\6\other_llms\claude 3.7 sonnet\versions\degraded\degraded_pr.json,-8.73,15.5,0.0,1.0,0.0,0.0,5,1,2,9.6,0.0,63.7,8.4,0.0,0.879,0.121,0.296,31,1,12,3.4838709677419355,0.03225806451612903,68.97,6.3,0.079,0.833,0.088,0.6124,453,29,183,4.490066225165563,0.3554083885209713,66.4,5.2,0.0,0.405,0.595,0.5267,6,2,4,3.5,0.0,69.79,6.0,0.0,1.0,0.0,0.0,24,2,18,4.458333333333333,0.20833333333333334,60.31,7.6,0.078,0.847,0.074,-0.4408,538,28,190,4.481412639405204,0.2936802973977695
claude 3.7 sonnet,6,improved_degraded,experiment/prs\6\other_llms\claude 3.7 sonnet\versions\improved_degraded\improved_degraded_pr.json,-1.29,14.7,0.0,1.0,0.0,0.0,11,1,8,8.363636363636363,0.09090909090909091,-13.03,21.3,0.038,0.922,0.04,0.0747,312,6,126,5.631410256410256,0.1955128205128205,39.53,11.4,0.035,0.844,0.121,0.9953,730,43,265,4.798630136986302,0.33013698630136984,34.42,11.3,0.024,0.713,0.263,0.9732,109,7,60,5.174311926605505,0.3669724770642202,15.98,14.3,0.0,0.914,0.086,0.7003,94,3,61,5.553191489361702,0.26595744680851063,21.5,14.2,0.027,0.859,0.114,0.9983,1276,51,362,5.147335423197492,0.2836990595611285
claude 3.7 sonnet,6,improved_original,experiment/prs\6\other_llms\claude 3.7 sonnet\versions\improved_original\improved_original_pr.json,-25.15,17.6,0.0,1.0,0.0,0.0,8,1,5,10.5,0.125,-5.72,18.5,0.025,0.899,0.075,0.8271,237,6,123,5.767932489451477,0.18143459915611815,48.3,10.1,0.028,0.842,0.13,0.9974,803,37,277,4.724782067247821,0.3412204234122042,19.23,13.0,0.0,0.798,0.202,0.8353,47,5,34,5.702127659574468,0.2553191489361702,24.14,13.2,0.0,0.903,0.097,0.6597,65,2,42,5.461538461538462,0.3230769230769231,31.38,12.5,0.019,0.863,0.119,0.9985,1177,41,356,5.089209855564996,0.28717077315208156
deepseek deepthink r1,6,degraded,experiment/prs\6\other_llms\deepseek deepthink r1\versions\degraded\degraded_pr.json,81.29,3.7,0.0,1.0,0.0,0.0,8,1,6,5.25,0.125,87.72,3.3,0.0,1.0,0.0,0.0,16,1,8,3.8125,0.0,57.64,6.5,0.186,0.755,0.059,-0.939,114,18,74,4.631578947368421,0.23684210526315788,59.97,5.6,0.0,0.167,0.833,0.6124,3,1,3,5.0,0.0,66.4,5.2,0.0,1.0,0.0,0.0,12,2,9,4.666666666666667,0.3333333333333333,65.18,5.7,0.147,0.806,0.047,-0.939,179,20,78,4.134078212290503,0.16759776536312848
deepseek deepthink r1,6,improved_degraded,experiment/prs\6\other_llms\deepseek deepthink r1\versions\improved_degraded\improved_degraded_pr.json,-17.19,16.7,0.0,1.0,0.0,0.0,9,1,6,9.222222222222221,0.1111111111111111,-12.05,18.8,0.023,0.886,0.091,0.7351,156,3,81,5.769230769230769,0.10256410256410256,19.03,13.1,0.068,0.784,0.148,0.9578,232,18,129,5.474137931034483,0.23275862068965517,21.36,12.2,0.046,0.743,0.211,0.7717,54,6,41,5.666666666666667,0.18518518518518517,28.5,11.5,0.0,1.0,0.0,0.0,33,2,20,5.333333333333333,0.3333333333333333,9.75,14.6,0.047,0.83,0.122,0.9815,509,28,203,5.4833005893909625,0.17288801571709234
deepseek deepthink r1,6,improved_original,experiment/prs\6\other_llms\deepseek deepthink r1\versions\improved_original\improved_original_pr.json,-17.7,16.8,0.0,1.0,0.0,0.0,11,1,7,8.0,0.09090909090909091,-34.59,21.3,0.0,0.908,0.092,0.836,159,2,69,6.408805031446541,0.09433962264150944,33.0,11.9,0.04,0.831,0.129,0.9837,419,25,198,4.992840095465394,0.25059665871121717,14.25,14.9,0.0,0.783,0.217,0.8779,52,2,39,5.6923076923076925,0.21153846153846154,-1.49,14.8,0.0,0.903,0.097,0.4019,33,4,18,5.606060606060606,0.15151515151515152,8.23,15.2,0.028,0.869,0.103,0.9888,690,30,244,5.573913043478261,0.1927536231884058
gemini 2.0 flash thinking,6,degraded,experiment/prs\6\other_llms\gemini 2.0 flash thinking\versions\degraded\degraded_pr.json,35.61,8.8,0.0,1.0,0.0,0.0,2,1,2,6.5,0.0,59.46,5.8,0.0,1.0,0.0,0.0,9,2,7,4.222222222222222,0.1111111111111111,78.55,4.7,0.071,0.783,0.147,0.8948,167,16,90,3.730538922155689,0.3712574850299401,90.77,2.1,0.0,0.423,0.577,0.4753,9,2,5,3.111111111111111,0.2222222222222222,88.74,2.9,0.0,1.0,0.0,0.0,19,2,15,3.473684210526316,0.5263157894736842,78.96,4.6,0.038,0.834,0.127,0.9343,236,21,104,3.457627118644068,0.3050847457627119
gemini 2.0 flash thinking,6,improved_degraded,experiment/prs\6\other_llms\gemini 2.0 flash thinking\versions\improved_degraded\improved_degraded_pr.json,-8.73,15.5,0.213,0.787,0.0,-0.2263,11,1,6,7.363636363636363,0.09090909090909091,14.36,14.9,0.01,0.915,0.074,0.9678,471,22,194,5.278131634819533,0.2632696390658174,40.24,11.1,0.022,0.894,0.084,0.9828,578,30,244,4.975778546712803,0.4013840830449827,53.37,8.2,0.0,0.697,0.303,0.91,45,5,32,4.511111111111111,0.3333333333333333,18.05,15.5,0.0,0.862,0.138,0.8176,70,2,44,5.3,0.2857142857142857,31.78,12.3,0.014,0.9,0.086,0.9964,1205,59,375,5.0315352697095435,0.3219917012448133
gemini 2.0 flash thinking,6,improved_original,experiment/prs\6\other_llms\gemini 2.0 flash thinking\versions\improved_original\improved_original_pr.json,-25.15,17.6,0.0,1.0,0.0,0.0,8,1,5,10.5,0.125,8.13,15.2,0.009,0.893,0.098,0.9517,303,12,136,5.597359735973598,0.21122112211221122,50.73,9.2,0.039,0.868,0.092,0.9864,734,36,247,4.944141689373297,0.3583106267029973,66.7,5.1,0.0,0.633,0.367,0.7494,17,3,10,4.176470588235294,0.35294117647058826,24.14,13.2,0.0,0.903,0.097,0.6662,67,3,40,5.104477611940299,0.3283582089552239,33.92,11.5,0.026,0.879,0.095,0.9956,1156,48,339,5.100346020761246,0.3027681660899654
grok 3 (thinking),6,degraded,experiment/prs\6\other_llms\grok 3 (thinking)\versions\degraded\degraded_pr.json,75.88,3.7,0.0,1.0,0.0,0.0,5,1,3,5.6,0.0,25.42,10.6,0.0,1.0,0.0,0.0,15,2,10,6.133333333333334,0.2,63.25,6.4,0.056,0.841,0.103,0.6375,185,14,92,4.3297297297297295,0.31351351351351353,81.29,3.7,0.0,0.437,0.563,0.631,11,2,7,3.4545454545454546,0.2727272727272727,71.14,7.6,0.0,0.925,0.075,0.3939,44,3,25,4.0227272727272725,0.3181818181818182,63.05,6.5,0.041,0.856,0.103,0.878,288,21,112,4.111111111111111,0.2569444444444444
grok 3 (thinking),6,improved_degraded,experiment/prs\6\other_llms\grok 3 (thinking)\versions\improved_degraded\improved_degraded_pr.json,16.15,12.1,0.192,0.808,0.0,-0.2263,12,1,7,7.083333333333333,0.08333333333333333,18.01,13.5,0.021,0.907,0.072,0.9485,445,22,160,5.044943820224719,0.2202247191011236,62.44,6.8,0.025,0.794,0.18,0.9907,313,23,151,4.325878594249201,0.3450479233226837,53.68,8.1,0.0,0.628,0.372,0.9769,62,5,37,4.354838709677419,0.3548387096774194,48.06,8.1,0.0,0.912,0.088,0.4404,43,2,27,4.8604651162790695,0.3023255813953488,36.25,10.6,0.02,0.864,0.116,0.9964,903,52,269,4.6544850498338874,0.26688815060908083
grok 3 (thinking),6,improved_original,experiment/prs\6\other_llms\grok 3 (thinking)\versions\improved_original\improved_original_pr.json,-50.53,21.2,0.0,1.0,0.0,0.0,10,1,5,9.1,0.1,9.96,14.5,0.037,0.869,0.094,0.9729,516,21,189,5.211240310077519,0.18992248062015504,52.76,8.4,0.042,0.837,0.121,0.9879,546,29,210,4.4945054945054945,0.3021978021978022,74.15,4.3,0.0,0.812,0.188,0.5399,22,3,17,4.318181818181818,0.3181818181818182,62.04,6.9,0.0,1.0,0.0,0.0,42,2,26,4.0,0.23809523809523808,35.84,10.8,0.038,0.862,0.1,0.9952,1159,52,343,4.787748058671268,0.2355478861087144
qwen2.5-max (thinking QwQ),6,degraded,experiment/prs\6\other_llms\qwen2.5-max (thinking QwQ)\versions\degraded\degraded_pr.json,1.26,13.7,0.0,1.0,0.0,0.0,6,1,3,10.5,0.16666666666666666,64.37,6.0,0.0,1.0,0.0,0.0,23,3,14,4.086956521739131,0.043478260869565216,49.38,7.6,0.0,0.865,0.135,0.7964,68,12,43,4.823529411764706,0.19117647058823528,93.81,0.9,0.0,0.149,0.851,0.6908,5,2,3,3.8,0.0,83.32,2.9,0.0,1.0,0.0,0.0,6,1,5,4.0,0.3333333333333333,48.57,8.0,0.0,0.903,0.097,0.8156,133,17,51,4.2406015037593985,0.09774436090225563
qwen2.5-max (thinking QwQ),6,improved_degraded,experiment/prs\6\other_llms\qwen2.5-max (thinking QwQ)\versions\improved_degraded\improved_degraded_pr.json,-0.27,14.3,0.0,1.0,0.0,0.0,9,1,6,8.555555555555555,0.1111111111111111,-23.66,21.2,0.0,0.902,0.098,0.8591,168,2,71,5.571428571428571,0.13690476190476192,37.06,10.3,0.048,0.85,0.102,0.8372,216,18,122,5.231481481481482,0.2222222222222222,-41.52,21.9,0.0,0.72,0.28,0.8519,41,3,30,7.024390243902439,0.07317073170731707,-4.84,16.0,0.0,1.0,0.0,0.0,23,2,15,5.913043478260869,0.17391304347826086,0.08,16.2,0.024,0.866,0.11,0.9772,477,22,173,5.49895178197065,0.16352201257861634
qwen2.5-max (thinking QwQ),6,improved_original,experiment/prs\6\other_llms\qwen2.5-max (thinking QwQ)\versions\improved_original\improved_original_pr.json,-50.02,21.0,0.0,1.0,0.0,0.0,7,1,4,11.285714285714286,0.14285714285714285,-33.13,22.8,0.0,0.933,0.067,0.8225,216,3,86,5.662037037037037,0.06481481481481481,3.12,15.1,0.039,0.871,0.09,0.887,295,17,129,5.989830508474577,0.17288135593220338,3.46,17.0,0.0,0.798,0.202,0.4215,18,1,17,6.388888888888889,0.16666666666666666,-15.84,18.2,0.0,0.794,0.206,0.3818,11,1,11,7.545454545454546,0.2727272727272727,-8.19,17.3,0.023,0.895,0.082,0.9667,568,19,187,5.901408450704225,0.12323943661971831
